{"cameraMode":{"drawMode":0,"name":"Shaded","section":"Shading Mode"},"sceneLighting":false,"audioPlay":false,"sceneViewState":{"m_AlwaysRefresh":false,"showFog":true,"showSkybox":false,"showFlares":true,"showImageEffects":true,"showParticleSystems":true,"showVisualEffectGraphs":true,"m_FxEnabled":true},"in2DMode":false,"pivot":{"x":0.0037346407771110536,"y":0.2655453085899353,"z":0.011832430958747864},"rotation":{"x":0.45759883522987368,"y":0.08909221738576889,"z":-0.046142421662807468,"w":0.8834927082061768},"size":0.4609713554382324,"orthographic":false}