{"cameraMode":{"drawMode":0,"name":"Shaded","section":"Shading Mode"},"sceneLighting":false,"audioPlay":false,"sceneViewState":{"m_AlwaysRefresh":false,"showFog":true,"showSkybox":false,"showFlares":true,"showImageEffects":true,"showParticleSystems":true,"showVisualEffectGraphs":true,"m_FxEnabled":true},"in2DMode":false,"pivot":{"x":-8.219145774841309,"y":0.766697883605957,"z":-5.130267143249512},"rotation":{"x":0.45759883522987368,"y":0.08909221738576889,"z":-0.046142421662807468,"w":0.8834927082061768},"size":3.7661490440368654,"orthographic":false}