{"cameraMode":{"drawMode":0,"name":"Shaded","section":"Shading Mode"},"sceneLighting":false,"audioPlay":false,"sceneViewState":{"m_AlwaysRefresh":false,"showFog":true,"showSkybox":false,"showFlares":true,"showImageEffects":true,"showParticleSystems":true,"showVisualEffectGraphs":true,"m_FxEnabled":true},"in2DMode":false,"pivot":{"x":0.021535634994506837,"y":-0.1343916654586792,"z":5.532388687133789},"rotation":{"x":-0.3056114912033081,"y":-0.32112228870391848,"z":0.11032884567975998,"w":-0.8896387219429016},"size":2.9500064849853517,"orthographic":false}