{"cameraMode":{"drawMode":0,"name":"Shaded","section":"Shading Mode"},"sceneLighting":false,"audioPlay":false,"sceneViewState":{"m_AlwaysRefresh":false,"showFog":true,"showSkybox":false,"showFlares":true,"showImageEffects":true,"showParticleSystems":true,"showVisualEffectGraphs":true,"m_FxEnabled":true},"in2DMode":false,"pivot":{"x":3.28509521484375,"y":-6.747686386108398,"z":0.26097485423088076},"rotation":{"x":0.19906578958034516,"y":0.0000030279738894023468,"z":0.000013091012988297734,"w":0.9800118803977966},"size":12.850976943969727,"orthographic":false}