{"cameraMode":{"drawMode":0,"name":"Shaded","section":"Shading Mode"},"sceneLighting":false,"audioPlay":false,"sceneViewState":{"m_AlwaysRefresh":false,"showFog":true,"showSkybox":false,"showFlares":true,"showImageEffects":true,"showParticleSystems":true,"showVisualEffectGraphs":true,"m_FxEnabled":true},"in2DMode":false,"pivot":{"x":1.0148158073425294,"y":-16.87358283996582,"z":5.235555648803711},"rotation":{"x":0.23791037499904633,"y":0.03786896914243698,"z":-0.009283224120736122,"w":0.9705093502998352},"size":6.801453590393066,"orthographic":false}