{"cameraMode":{"drawMode":0,"name":"Shaded","section":"Shading Mode"},"sceneLighting":false,"audioPlay":false,"sceneViewState":{"m_AlwaysRefresh":false,"showFog":true,"showSkybox":false,"showFlares":true,"showImageEffects":true,"showParticleSystems":true,"showVisualEffectGraphs":true,"m_FxEnabled":true},"in2DMode":false,"pivot":{"x":-0.09649401903152466,"y":0.21291574835777284,"z":-0.06302273273468018},"rotation":{"x":0.45759883522987368,"y":0.08909221738576889,"z":-0.046142421662807468,"w":0.8834927082061768},"size":0.8251647353172302,"orthographic":false}